batch_id,inspection_date,plant,shift,product_line,inspector_id,units_produced,defect_rate_pct,downtime_minutes,temperature_c,inspection_status
B-1001,2025-01-02,South,Night,Charlie,I-104,530,2.98,5.0,21.6,Pass
B-1002,2025-01-03,Central,Night,Alpha,I-141,504,1.73,19.6,23.6,Pass
B-1003,2025-01-04,South,Day,Alpha,I-141,433,3.13,13.6,22.7,Hold
B-1004,2025-01-05,Central,Night,Alpha,I-104,549,2.2,29.8,22.5,Pass
B-1005,2025-01-06,North,Day,Charlie,I-133,485,1.84,15.4,24.9,Pass
B-1006,2025-01-07,South,Evening,Alpha,I-104,488,3.34,5.9,18.6,Review
B-1007,2025-01-08,South,Evening,Bravo,I-133,465,2.98,19.5,20.2,Pass
B-1008,2025-01-09,South,Day,Bravo,I-104,483,2.34,30.5,20.6,Pass
B-1009,2025-01-10,North,Day,Bravo,,528,3.89,5.0,21.9,Pass
B-1010,2025-01-11,Central,Night,Charlie,I-133,502,2.47,17.4,22.1,Pass
B-1011,2025-01-12,Central,Evening,Charlie,I-133,524,2.82,9.5,20.1,Pass
B-1012,2025-01-13,South,Evening,Bravo,I-126,525,3.0,10.1,20.9,Hold
B-1013,2025-01-14,Central,Evening,Charlie,I-141,565,2.34,18.6,21.1,Review
B-1014,2025-01-15,South,Evening,Alpha,I-133,496,3.15,17.8,26.4,Pass
B-1015,2025-01-16,Central,Night,Charlie,I-117,448,2.4,5.6,25.4,Pass
B-1016,2025-01-17,North,Day,Bravo,I-133,555,2.49,36.8,21.8,Pass
B-1017,2025-01-18,Central,Night,Charlie,I-133,496,3.82,18.7,21.9,Review
B-1018,2025-01-19,North,Night,Charlie,I-117,557,2.02,1.7,20.7,Pass
B-1019,2025-01-20,South,Evening,Charlie,I-133,526,0.99,15.3,19.4,Review
B-1020,2025-01-21,Central,Day,Charlie,I-141,504,4.01,13.7,22.3,Pass
B-1021,2025-01-22,South,Day,Bravo,I-141,525,4.71,39.3,20.9,Pass
B-1022,2025-01-23,Central,Night,Alpha,I-133,592,2.5,11.2,,Pass
B-1023,2025-01-24,South,Night,Bravo,I-133,597,1.35,7.1,19.9,Pass
B-1024,2025-01-25,South,Day,Alpha,I-117,513,2.57,36.6,21.3,Pass
B-1025,2025-01-26,South,Day,Charlie,I-133,517,2.59,11.6,22.7,Pass
B-1026,2025-01-27,North,Day,Alpha,I-117,555,2.66,15.3,23.1,Review
B-1027,2025-01-28,Central,Day,Alpha,I-126,474,1.96,13.9,23.2,Pass
B-1028,2025-01-29,North,Night,Alpha,I-117,524,3.23,19.3,20.4,Pass
B-1029,2025-01-30,North,Night,Bravo,I-117,509,3.19,26.3,23.9,Pass
B-1030,2025-01-31,Central,Day,Bravo,I-104,523,1.68,28.2,21.2,Pass
B-1031,2025-02-01,Central,Night,Charlie,I-141,475,3.32,10.2,23.5,Hold
B-1032,2025-02-30,South,Day,Bravo,I-104,443,4.34,15.3,22.5,Pass
B-1033,2025-02-03,North,Evening,Alpha,I-104,423,2.93,15.1,20.3,Pass
B-1034,2025-02-04,Central,Evening,Alpha,I-141,463,2.55,20.1,22.0,Pass
B-1035,2025-02-05,Central,Night,Alpha,I-126,491,2.69,23.5,23.1,Hold
B-1036,2025-02-06,North,Night,Bravo,I-126,498,3.26,4.1,23.5,Pass
B-1037,2025-02-07,North,Day,Charlie,I-133,591,1.5,15.9,22.3,Review
B-1038,2025-02-08,Central,Day,Bravo,I-117,556,2.92,26.0,25.0,Pass
B-1039,2025-02-09,North,Day,Charlie,I-104,470,2.51,10.9,24.1,Pass
B-1040,2025-02-10,Central,Day,Alpha,I-133,525,4.19,14.4,22.1,Hold
B-1041,2025-02-11,Central,Night,Alpha,I-104,493,2.67,6.4,23.7,Review
B-1042,2025-02-12,South,Night,Charlie,I-126,498,4.05,15.6,25.6,Review
B-1043,2025-02-13,Central,Day,Alpha,I-141,518,14.8,2.1,25.6,Pass
B-1044,2025-02-14,North,Night,Alpha,I-141,536,3.24,12.6,20.5,Pass
B-1045,2025-02-15,South,Evening,Bravo,I-117,496,3.04,14.6,21.0,Pass
B-1046,2025-02-16,South,Evening,Charlie,I-133,555,2.15,27.9,24.9,Pass
B-1047,2025-02-17,Central,Evening,Charlie,I-133,462,2.93,5.4,20.8,Review
B-1048,2025-02-18,North,Day,Alpha,,510,3.71,18.3,20.4,Hold
B-1049,2025-02-19,Central,Night,Charlie,I-104,619,2.56,10.7,21.7,Pass
B-1050,2025-02-20,North,Day,Charlie,I-117,519,1.53,3.0,23.2,Pass
B-1051,2025-02-21,North,Day,Charlie,I-133,570,2.79,9.6,22.3,Pass
B-1052,2025-02-22,North,Day,Charlie,I-141,514,2.12,15.4,21.5,Pass
B-1053,2025-02-23,South,Day,Alpha,I-104,534,2.54,29.6,21.4,Pass
B-1054,2025-02-24,Central,Day,Charlie,I-133,508,2.74,7.4,21.4,Pass
B-1055,2025-02-25,Central,Day,Alpha,I-141,503,1.52,3.7,21.1,Pass
B-1056,2025-02-26,South,Night,Charlie,I-141,477,1.59,16.1,26.2,Pass
B-1057,2025-02-27,Central,Night,Bravo,I-126,528,3.16,39.9,23.0,Pass
B-1058,2025-02-28,Central,Day,Charlie,I-104,474,2.41,50.7,23.9,Pass
B-1059,2025-03-01,North,Day,Bravo,I-117,538,0.88,4.9,21.7,Review
B-1060,2025-03-02,North,Evening,Bravo,I-141,556,3.39,6.0,22.2,Pass
B-1061,2025-03-03,Central,Night,Bravo,I-141,525,3.0,19.7,21.4,Pass
B-1062,2025-03-04,Central,Night,Charlie,I-133,498,2.26,9.1,18.3,Pass
B-1063,2025-03-05,Central,Night,Charlie,I-104,529,1.81,31.5,20.3,Pass
B-1064,2025-03-06,South,Evening,Alpha,I-104,497,3.43,6.7,19.6,Hold
B-1065,2025-03-07,Central,Evening,Charlie,I-126,549,3.06,35.3,18.9,Pass
B-1066,2025-03-08,Central,Day,Bravo,I-126,433,4.59,11.7,20.6,Pass
B-1067,2025-03-09,Central,Night,Alpha,I-104,496,3.12,16.3,24.6,Review
B-1068,2025-03-10,North,Night,Bravo,I-133,426,3.09,13.2,,Hold
B-1069,2025-03-11,North,Day,Charlie,I-126,447,2.67,13.2,,Pass
B-1070,2025-03-12,Central,Night,Charlie,I-104,567,3.41,12.5,23.2,Pass
B-1071,2025-03-13,North,Day,Charlie,I-104,548,3.27,15.0,23.8,Pass
B-1072,2025-03-14,Central,Night,Bravo,I-126,480,3.74,31.6,21.1,Pass
B-1073,2025-03-15,South,Night,Charlie,I-133,447,2.41,18.6,23.3,Pass
B-1074,2025-03-16,North,Day,Bravo,I-141,five hundred,2.47,5.6,23.7,Pass
B-1075,2025-03-17,North,Evening,Charlie,I-126,487,2.44,27.7,21.6,Review
B-1076,2025-03-18,North,Day,Bravo,I-117,612,3.39,17.4,23.4,Pass
B-1077,2025-03-19,North,Evening,Alpha,I-141,528,3.92,21.0,23.4,Pass
B-1078,2025-03-20,Central,Night,Alpha,I-126,486,2.46,18.3,21.6,Pass
B-1079,2025-03-21,Central,Day,Alpha,I-117,530,2.48,18.9,20.7,Pass
B-1080,2025-03-22,South,Evening,Alpha,I-126,444,3.04,19.5,20.6,Pass
B-1081,2025-03-23,Central,Night,Bravo,I-104,498,2.62,2.9,22.6,Review
B-1082,2025-03-24,Central,Day,Bravo,I-117,514,3.51,20.8,23.0,Review
B-1083,2025-03-25,South,Day,Alpha,I-126,506,1.11,8.4,21.2,Pass
B-1084,2025-03-26,North,Evening,Bravo,I-141,543,2.18,10.2,22.5,Pass
B-1085,2025-03-27,North,Evening,Bravo,I-133,524,2.21,14.9,23.4,Pass
B-1086,2025-03-28,North,Evening,Alpha,I-133,538,1.06,40.5,23.5,Pass
B-1087,2025-03-29,Central,Day,Bravo,I-126,481,2.08,6.4,25.0,Review
B-1088,2025-03-30,Central,Night,Bravo,I-104,548,2.11,14.5,24.5,Pass
B-1089,2025-03-31,North,Evening,Bravo,I-117,578,2.65,12.3,20.9,Pass
B-1090,2025-04-01,Central,Day,Bravo,I-141,469,3.63,27.5,25.2,Pass
B-1091,2025-04-02,North,Night,Charlie,I-104,473,2.62,12.1,21.7,Pass
B-1092,2025-04-03,Central,Night,Alpha,I-141,566,2.03,17.5,24.2,Pass
B-1093,2025-04-04,Central,Evening,Bravo,I-133,502,2.76,6.5,22.6,Pass
B-1094,2025-04-05,Central,Day,Bravo,I-117,569,3.59,30.6,21.8,Pass
B-1095,2025-04-06,North,Evening,Alpha,I-133,491,2.07,4.2,19.6,Pass
B-1096,2025-04-07,Central,Evening,Charlie,I-141,571,2.12,20.6,22.2,Pass
B-1097,2025-04-08,Central,Day,Alpha,I-104,516,3.22,138.0,20.0,Pass
B-1098,2025-04-09,North,Evening,Alpha,I-104,521,2.63,19.4,24.0,Pass
B-1099,2025-04-10,North,Night,Charlie,I-133,576,3.29,4.2,24.9,Review
B-1100,2025-04-11,South,Day,Charlie,I-141,495,2.79,11.9,21.2,Pass
B-1101,2025-04-12,South,Night,Charlie,I-104,470,3.33,26.6,23.0,Pass
B-1102,2025-04-13,Central,Day,Charlie,I-133,491,2.02,44.4,21.3,Pass
B-1103,2025-04-14,North,Night,Charlie,I-104,529,2.79,13.8,21.5,Pass
B-1104,2025-04-15,South,Evening,Bravo,I-133,444,2.64,25.0,23.7,Pass
B-1105,2025-04-16,South,Day,Charlie,I-133,537,1.89,16.4,22.4,Pass
B-1106,2025-04-17,Central,Night,Alpha,I-104,487,1.63,14.3,25.3,Hold
B-1107,2025-04-18,Central,Day,Bravo,I-133,558,3.31,10.8,21.7,Pass
B-1108,2025-04-19,North,Evening,Bravo,I-141,409,2.54,15.0,24.1,Pass
B-1109,2025-04-20,North,Day,Charlie,I-141,477,2.03,23.5,22.7,Pass
B-1110,2025-04-21,South,Night,Charlie,I-104,439,2.73,24.8,23.8,Pass
B-1111,2025-04-22,Central,Night,Bravo,I-117,475,3.65,5.1,21.8,Pass
B-1112,2025-04-23,North,Night,Bravo,I-117,520,1.09,10.1,22.4,Pass
B-1113,2025-04-24,North,Evening,Alpha,,502,1.68,6.2,22.3,Pass
B-1114,2025-04-25,Central,Evening,Charlie,I-104,499,2.11,15.5,21.2,Pass
B-1115,2025-04-26,North,Evening,Bravo,I-141,503,3.9,11.5,23.6,Hold
B-1116,2025-04-27,South,Night,Bravo,I-133,519,3.01,19.0,23.5,Pass
B-1117,2025-04-28,South,Night,Charlie,I-141,468,3.38,19.9,23.4,Review
B-1118,2025-04-29,Central,Day,Bravo,I-104,540,1.94,1.5,25.0,Pass
B-1119,2025-04-30,Central,Evening,Alpha,I-104,538,1.96,14.9,24.8,Pass
B-1120,2025-05-01,Central,Day,Alpha,I-141,526,3.14,32.0,21.9,Pass
B-1121,2025-05-02,Central,Day,Alpha,I-117,533,2.84,10.1,23.1,Pass
B-1122,2025-05-03,Central,Night,Charlie,I-133,522,3.21,9.9,21.5,Pass
B-1123,2025-05-04,North,Day,Alpha,I-141,595,2.66,28.5,22.5,Pass
B-1124,2025-05-05,Central,Night,Alpha,I-104,506,3.01,25.6,21.5,Pass
B-1125,2025-05-06,North,Evening,Bravo,I-104,497,2.92,6.7,25.1,Review
B-1126,2025-05-07,Central,Day,Charlie,I-104,478,n/a?,23.9,23.1,Pass
B-1127,2025-05-08,North,Evening,Bravo,I-104,467,3.41,8.1,22.2,Pass
B-1128,2025-05-09,North,Evening,Charlie,I-104,458,1.59,9.8,24.4,Pass
B-1129,2025-05-10,North,Night,Charlie,I-141,473,1.11,6.7,19.0,Pass
B-1130,2025-05-11,Central,Evening,Alpha,I-133,507,3.55,5.1,19.3,Hold
B-1131,2025-05-12,North,Night,Charlie,I-141,524,3.69,16.2,23.8,Pass
B-1132,2025-05-13,South,Night,Bravo,I-141,512,2.03,4.4,22.6,Pass
B-1133,2025-05-14,Central,Night,Bravo,I-141,478,1.41,16.6,22.9,Pass
B-1134,2025-05-15,North,Evening,Alpha,I-117,548,2.87,16.3,20.4,Pass
B-1135,2025-05-16,Central,Day,Bravo,I-117,541,3.5,13.3,22.5,Pass
B-1136,2025-05-17,North,Evening,Charlie,I-141,503,4.15,10.5,25.7,Pass
B-1137,2025-05-18,South,Day,Bravo,I-117,483,3.19,8.9,23.8,Pass
B-1138,2025-05-19,Central,Evening,Alpha,I-104,533,2.52,6.0,22.8,Pass
B-1139,2025-05-20,South,Night,Bravo,I-133,518,2.13,37.0,21.8,Pass
B-1140,2025-05-21,North,Evening,Charlie,I-141,449,2.81,12.9,21.9,Pass
B-1141,2025-05-22,Central,Day,Charlie,I-141,507,2.58,12.6,19.1,Pass
B-1142,2025-05-23,Central,Evening,Alpha,I-141,521,2.04,7.0,22.9,Pass
B-1143,2025-05-24,South,Night,Charlie,I-104,472,4.34,34.5,23.9,Review
B-1144,2025-05-25,Central,Night,Charlie,I-133,518,4.14,9.4,20.0,Pass
B-1145,2025-05-26,Central,Day,Alpha,I-141,449,3.65,17.8,21.4,Pass
B-1146,2025-05-27,North,Evening,Charlie,I-133,566,2.11,unknown,20.6,Review
B-1147,2025-05-28,North,Evening,Bravo,I-141,562,3.44,16.2,21.0,Pass
B-1148,2025-05-29,Central,Day,Bravo,I-141,499,3.28,4.3,22.6,Pass
B-1149,2025-05-30,Central,Day,Bravo,I-126,525,3.13,23.3,19.2,Pass
B-1150,2025-05-31,North,Day,Charlie,I-104,409,3.74,9.3,23.5,Pass
B-1151,2025-06-01,South,Night,Charlie,I-126,461,3.28,25.4,23.7,Review
B-1152,2025-06-02,South,Night,Charlie,I-117,498,3.36,14.2,22.1,Pass
B-1153,2025-06-03,North,Night,Charlie,I-104,465,3.28,21.0,18.5,Pass
B-1154,2025-06-04,Central,Night,Charlie,I-104,540,3.06,33.0,20.9,Pass
B-1155,2025-06-05,North,Night,Alpha,,594,1.46,22.7,24.5,Pass
B-1156,2025-06-06,Central,Day,Alpha,I-126,461,2.86,21.4,18.1,Pass
B-1157,2025-06-07,North,Night,Charlie,I-126,475,2.38,24.0,21.9,Pass
B-1158,2025-06-08,Central,Day,Bravo,I-133,520,1.84,7.8,20.6,Pass
B-1159,2025-06-09,Central,Evening,Alpha,I-126,578,4.06,26.1,23.8,Pass
B-1160,2025-06-10,South,Evening,Alpha,I-133,459,4.1,12.2,21.4,Pass
B-1161,2025-06-11,North,Evening,Bravo,I-104,520,3.82,12.5,23.1,Pass
B-1162,2025-06-12,South,Day,Bravo,I-141,586,2.99,15.8,35.6,Pass
B-1163,2025-06-13,North,Day,Alpha,I-126,441,3.81,11.3,25.4,Pass
B-1164,2025-06-14,North,Night,Alpha,I-104,456,2.81,6.5,22.2,Pass
B-1165,2025-06-15,Central,Day,Alpha,I-141,492,2.95,15.0,23.1,Pass
B-1166,2025-06-16,Central,Day,Bravo,I-133,488,1.98,12.5,20.1,Pass
B-1167,2025-06-17,South,Night,Alpha,I-104,544,3.1,12.2,24.4,Pass
B-1168,2025-06-18,South,Day,Bravo,I-104,520,2.85,13.9,21.3,Pass
B-1169,2025-06-19,North,Night,Bravo,I-104,435,1.82,1.7,21.6,Pass
B-1170,2025-06-20,South,Night,Bravo,I-117,532,2.76,12.2,22.5,Pass
B-1171,2025-06-21,North,Evening,Charlie,I-104,486,2.74,35.7,20.0,Pass
B-1172,2025-06-22,Central,Day,Bravo,I-133,564,4.15,33.9,22.9,Pass
B-1173,2025-06-23,North,Day,Charlie,I-126,484,3.47,15.3,24.0,Pass
B-1174,2025-06-24,South,Day,Charlie,I-141,483,2.81,15.0,23.0,Pass
B-1175,2025-06-25,North,Evening,Charlie,I-133,533,2.99,1.2,20.0,Pass
B-1176,2025-06-26,North,Day,Charlie,I-133,542,2.83,9.7,22.3,Pass
B-1177,2025-06-27,Central,Evening,Bravo,I-126,529,2.65,23.8,23.7,Pass
B-1178,2025-06-28,South,Day,Bravo,I-104,439,1.99,11.1,19.5,Pass
B-1179,2025-06-29,South,Evening,Alpha,I-104,533,2.69,29.3,20.8,Pass
B-1180,2025-06-30,Central,Day,Bravo,I-133,467,2.24,28.1,23.9,Pass
B-1016,2025-01-17,North,Day,Bravo,I-133,555,2.49,36.8,21.8,Pass
B-1089,2025-03-31,North,Evening,Bravo,I-117,578,2.65,12.3,20.9,Pass
